Match_Status,Team1,Team2,Score,Goals
59' (Ended early),EGEMENPROJETAKIMI,VITORIA SPORT CLUBE,1 - 3,37' Erling Haaland
FT,EGEMENPROJETAKIMI,AVATAR FC,2 - 1,27' Ousmane Dembele | 49' Virgil van Dijk | 75' Rodri
FT,EGEMENPROJETAKIMI,KRAL,2 - 1,23' Ousmane Dembele | 54' Ousmane Dembele
39' (Ended early),EGEMENPROJETAKIMI,WHOSYADADDY,3 - 0,8' Erling Haaland | 33' Erling Haaland
FT,EGEMENPROJETAKIMI,MOUSTAPHA,3 - 2,43' Vini Jr. | 54' Ousmane Dembele | 78' Rodri | 89' Antonio Rudiger
FT,EGEMENPROJETAKIMI,Dream FC,2 - 1,45' Erling Haaland | 84' Erling Haaland
FT,EGEMENPROJETAKIMI,PALUSPOR,1 - 1,57' Vini Jr.
FT,EGEMENPROJETAKIMI,RSBERKANE,3 - 1,40' Vini Jr. | 45' Erling Haaland | 70' Erling Haaland | 84' Antonio Rudiger
FT,EGEMENPROJETAKIMI,Dream FC,3 - 1,52' Erling Haaland | 74' Erling Haaland | 84' Jude Bellingham
88' (Ended early),EGEMENPROJETAKIMI,KOSOMAK,0 - 2,
FT,EGEMENPROJETAKIMI,JSKABYLIE,1 - 1,77' Erling Haaland
76' (Ended early),EGEMENPROJETAKIMI,WELAD ELWES5A,1 - 3,9' Erling Haaland | 18' Virgil van Dijk
FT,EGEMENPROJETAKIMI,GALATASARAY,2 - 1,27' Vini Jr. | 84' Erling Haaland
FT,EGEMENPROJETAKIMI,Dream FC,2 - 2,8' Kevin De Bruyne | 37' Erling Haaland
FT,EGEMENPROJETAKIMI,FC AD,2 - 1,10' Jude Bellingham | 73' Erling Haaland
FT,EGEMENPROJETAKIMI,CHELSEA FC,1 - 1,30' Ousmane Dembele
FT,EGEMENPROJETAKIMI,TURKIYE,1 - 1,83' Kevin De Bruyne
FT,EGEMENPROJETAKIMI,Dream FC,3 - 0,16' Erling Haaland | 26' Vini Jr. | 76' Virgil van Dijk
FT,EGEMENPROJETAKIMI,TJK,1 - 0,82' Kingsley Coman
76' (Ended early),EGEMENPROJETAKIMI,OLUWAFERRARI,4 - 0,6' Vini Jr. | 13' Vini Jr. | 45' Virgil van Dijk | 49' Erling Haaland
FT,EGEMENPROJETAKIMI,KITROU FC,0 - 0,
56' (Ended early),EGEMENPROJETAKIMI,AZERBAIJAN EAGLE,3 - 0,39' Erling Haaland | 45' Erling Haaland | 56' Erling Haaland
FT,EGEMENPROJETAKIMI,CIMBOMBOMM,0 - 0,
FT,EGEMENPROJETAKIMI,BORUSSIA DORTMUND,0 - 0,75' Rodri
FT,EGEMENPROJETAKIMI,REAL MADRID,1 - 2,4' Erling Haaland
FT,EGEMENPROJETAKIMI,RED BULL BRAGANTINO,1 - 1,5' Ousmane Dembele
FT,EGEMENPROJETAKIMI,GALATASARAY,3 - 3,26' Erling Haaland | 40' Erling Haaland | 56' Erling Haaland
11' (Ended early),EGEMENPROJETAKIMI,COBRA,3 - 0,4' Erling Haaland
FT,EGEMENPROJETAKIMI,KAKO FC,1 - 3,3' Erling Haaland | 66' Virgil van Dijk
FT,EGEMENPROJETAKIMI,BJK,3 - 2,8' Erling Haaland | 49' Erling Haaland | 70' Erling Haaland
69' (Ended early),EGEMENPROJETAKIMI,BJK,2 - 0,17' Erling Haaland | 31' Erling Haaland
FT,EGEMENPROJETAKIMI,KAZAKSTAN ARAL,1 - 1,48' Erling Haaland | 80' Virgil van Dijk | 90' Andrew Robertson
FT,EGEMENPROJETAKIMI,REAL MADRID,1 - 1,81' Vini Jr.
FT,EGEMENPROJETAKIMI,GALLAECIA FC,4 - 1,28' Ousmane Dembele | 38' Erling Haaland | 60' Erling Haaland | 83' Rodri
FT,EGEMENPROJETAKIMI,FC BARCELONA,2 - 2,7' Erling Haaland | 33' Rodri
FT,EGEMENPROJETAKIMI,REAL MADRID FC,2 - 1,33' Erling Haaland | 41' Antonio Rudiger | 61' Kevin De Bruyne
73' (Ended early),EGEMENPROJETAKIMI,AHLY EGYPT,4 - 1,40' Erling Haaland | 45' Erling Haaland | 65' Erling Haaland | 72' Erling Haaland
73' (Ended early),EGEMENPROJETAKIMI,CD FALCOES DO NORTE,0 - 2,7' Antonio Rudiger
FT,EGEMENPROJETAKIMI,KUMANOVO,1 - 3,4' Erling Haaland
FT,EGEMENPROJETAKIMI,FBMATIC,1 - 3,81' Éder Militao | 90' Alisson | 90' Andrew Robertson | 90' Éder Militao
FT,EGEMENPROJETAKIMI,Dream FC,3 - 2,29' Erling Haaland | 55' Erling Haaland | 83' Kylian Mbappe
FT,EGEMENPROJETAKIMI,KURDISTAN-PALESTINE,2 - 4,25' Vini Jr. | 39' Erling Haaland | 57' Vini Jr.
FT,EGEMENPROJETAKIMI,NOBILITY FC,5 - 3,8' Erling Haaland | 17' Kevin De Bruyne | 43' Vini Jr. | 51' Vini Jr. | 75' Erling Haaland
FT,EGEMENPROJETAKIMI,TURKIYE,1 - 2,66' Erling Haaland
FT,EGEMENPROJETAKIMI,FC FURKANSPOR,4 - 1,14' Vini Jr. | 32' Erling Haaland | 68' Erling Haaland
FT,EGEMENPROJETAKIMI,AL MASRY 1920,2 - 2,4' Erling Haaland | 30' Erling Haaland
33' (Ended early),EGEMENPROJETAKIMI,FENERBAHCE REPUBLIC,0 - 3,
FT,EGEMENPROJETAKIMI,TASHKENT,3 - 0,49' Erling Haaland | 68' Ousmane Dembele | 90' Erling Haaland
FT,EGEMENPROJETAKIMI,REAL MADRED,1 - 1,55' Erling Haaland
45' (Ended early),EGEMENPROJETAKIMI,FC BAYERN MUINCH,2 - 0,4' Erling Haaland | 29' Kevin De Bruyne
36' (Ended early),EGEMENPROJETAKIMI,COTE DIVOIRE,3 - 0,4' Erling Haaland | 14' Ousmane Dembele | 36' Ousmane Dembele
FT,EGEMENPROJETAKIMI,FENERBAHCE A.S,2 - 2,23' Vini Jr. | 33' Erling Haaland
FT,EGEMENPROJETAKIMI,MANGA,2 - 1,10' Ousmane Dembele | 14' Virgil van Dijk | 54' Erling Haaland
FT,EGEMENPROJETAKIMI,FLORENCE,3 - 2,32' Jude Bellingham | 39' Erling Haaland | 45' Erling Haaland
84' (Ended early),EGEMENPROJETAKIMI,BORUSSIA DORTMUND,3 - 0,5' Virgil van Dijk | 45' Erling Haaland | 70' Erling Haaland
12' (Ended early),EGEMENPROJETAKIMI,FK CRVENA ZVEZDA,3 - 0,11' Vini Jr.
FT,EGEMENPROJETAKIMI,AREN,2 - 3,6' Ousmane Dembele | 45' Erling Haaland
FT,EGEMENPROJETAKIMI,TARAJI,4 - 1,39' Erling Haaland | 49' Erling Haaland | 76' Erling Haaland | 89' Ousmane Dembele
FT,EGEMENPROJETAKIMI,Dream FC,2 - 0,20' Erling Haaland | 68' Vini Jr. | 78' Jude Bellingham
FT,EGEMENPROJETAKIMI,BARCA,3 - 3,5' Vini Jr. | 38' Erling Haaland | 65' Erling Haaland
49' (Ended early),EGEMENPROJETAKIMI,CRAZY TURKS,2 - 1,5' Erling Haaland | 11' Erling Haaland
FT,EGEMENPROJETAKIMI,YOUNG AFRICANS SC,4 - 2,4' Erling Haaland | 18' Ousmane Dembele | 40' Ousmane Dembele | 85' Erling Haaland
FT,EGEMENPROJETAKIMI,JOGA BONITO,1 - 1,34' Erling Haaland
57' (Ended early),EGEMENPROJETAKIMI,FC BARCELONA,4 - 1,3' Erling Haaland | 19' Erling Haaland | 45' Jude Bellingham | 57' Vini Jr.
85' (Ended early),EGEMENPROJETAKIMI,KINGS CITY UKRAINE FC,3 - 5,11' Ousmane Dembele | 28' Ousmane Dembele | 49' Erling Haaland
FT,EGEMENPROJETAKIMI,STERLINS FC,3 - 1,19' Jude Bellingham | 24' Erling Haaland | 44' Erling Haaland
FT,EGEMENPROJETAKIMI,STUDENTS CLOP,1 - 3,72' Erling Haaland
FT,EGEMENPROJETAKIMI,NEW LIFE FOOTBALL ACADEMY,5 - 5,11' Vini Jr. | 31' (PEN) Jude Bellingham | 40' Cristiano Ronaldo | 56' Vini Jr. | 81' Cristiano Ronaldo
89' (Ended early),EGEMENPROJETAKIMI,REAL MADRID,2 - 4,16' Jude Bellingham | 55' Erling Haaland
FT,EGEMENPROJETAKIMI,SBOFARDA,2 - 2,41' Erling Haaland | 45' Erling Haaland
FT,EGEMENPROJETAKIMI,MANCHESTER CITY,1 - 1,32' Vini Jr. | 41' Ousmane Dembele
FT,EGEMENPROJETAKIMI,Dream FC,4 - 4,11' Erling Haaland | 44' Erling Haaland | 57' Erling Haaland | 72' Erling Haaland
FT,EGEMENPROJETAKIMI,FC BAYERN MUNCHEN,3 - 2,10' Erling Haaland | 20' Erling Haaland | 67' Erling Haaland
88' (Ended early),EGEMENPROJETAKIMI,UNIVERSITARIO UU HJAD,0 - 2,
FT,EGEMENPROJETAKIMI,IRAQ,1 - 1,90' Erling Haaland
FT,EGEMENPROJETAKIMI,ALBINO FC,2 - 2,33' Erling Haaland | 79' Vini Jr.
FT,EGEMENPROJETAKIMI,FC BARCELONA,2 - 3,18' Erling Haaland | 45' Erling Haaland
FT,EGEMENPROJETAKIMI,ISTIKLOL FC,1 - 0,66' Erling Haaland
FT,EGEMENPROJETAKIMI,SSSS,0 - 1,45' Andrew Robertson
FT,EGEMENPROJETAKIMI,KING OF SYRIA,1 - 2,72' Erling Haaland
13' (Ended early),EGEMENPROJETAKIMI,MANCHESTER CITY,0 - 3,
85' (Ended early),EGEMENPROJETAKIMI,JAWNEH KARAA,5 - 2,4' Erling Haaland | 52' Vini Jr. | 63' Vini Jr. | 74' Erling Haaland | 85' Vini Jr.
FT,EGEMENPROJETAKIMI,Dream FC,2 - 3,10' Erling Haaland | 33' Erling Haaland
86' (Ended early),EGEMENPROJETAKIMI,MOGHERB ATLATIC TETOUAN,4 - 1,26' Erling Haaland | 36' Erling Haaland | 59' Erling Haaland | 63' Erling Haaland
FT,EGEMENPROJETAKIMI,HAPPY NEW YEAR,1 - 0,49' Cristiano Ronaldo
FT,EGEMENPROJETAKIMI,2115 FC,2 - 0,9' Erling Haaland | 49' Erling Haaland
71' (Ended early),EGEMENPROJETAKIMI,EYP,1 - 2,5' Ousmane Dembele
74' (Ended early),EGEMENPROJETAKIMI,MAURITANIA,0 - 2,
FT,EGEMENPROJETAKIMI,CHENGRIHA FC,2 - 2,31' Erling Haaland | 66' Vini Jr. | 69' Antonio Rudiger
81' (Ended early),EGEMENPROJETAKIMI,ARGENTINA,2 - 0,23' Éder Militao | 49' Erling Haaland | 66' Erling Haaland
FT,EGEMENPROJETAKIMI,TONTONSPOR 58,2 - 1,4' Erling Haaland | 19' Erling Haaland | 45' Virgil van Dijk
FT,EGEMENPROJETAKIMI,FENERBAHCE SK,3 - 2,28' Virgil van Dijk | 40' Erling Haaland | 57' Vini Jr.
FT,EGEMENPROJETAKIMI,FENERBAHCE AS,2 - 1,24' Ousmane Dembele | 90' Erling Haaland
FT,EGEMENPROJETAKIMI,QARABAG FK,0 - 1,38' Rodri | 83' Andrew Robertson
FT,EGEMENPROJETAKIMI,WMW,2 - 1,29' Cristiano Ronaldo | 86' Virgil van Dijk | 90' Kylian Mbappe
60' (Ended early),EGEMENPROJETAKIMI,AKHISARSPOR,3 - 0,10' Erling Haaland | 45' Kevin De Bruyne | 60' Ousmane Dembele
FT,EGEMENPROJETAKIMI,ESPERANCE TUNIS,1 - 1,10' Ousmane Dembele
FT,EGEMENPROJETAKIMI,CILGINTURKLER,1 - 0,4' Erling Haaland
FT,EGEMENPROJETAKIMI,PIRRATAS,3 - 2,4' Ruben Dias | 16' Erling Haaland | 51' Kevin De Bruyne
77' (Ended early),EGEMENPROJETAKIMI,MANCHESTER CITY,4 - 0,7' Erling Haaland | 49' Erling Haaland | 55' Vini Jr. | 77' Erling Haaland
38' (Ended early),EGEMENPROJETAKIMI,REAL MADRID,0 - 3,
FT,EGEMENPROJETAKIMI,REAL TABATA,3 - 1,21' Erling Haaland | 49' Erling Haaland | 90' Kingsley Coman
FT,EGEMENPROJETAKIMI,Dream FC,5 - 0,26' Erling Haaland | 38' Erling Haaland | 65' Jude Bellingham | 85' Erling Haaland | 90' Erling Haaland
FT,EGEMENPROJETAKIMI,JESUS,3 - 2,62' Erling Haaland | 78' Bernardo Silva | 90' Declan Rice
31' (Ended early),EGEMENPROJETAKIMI,FREE KURDISTAN,0 - 3,
18' (Ended early),EGEMENPROJETAKIMI,IBRAHIM,2 - 5,7' Erling Haaland | 13' Erling Haaland
FT,EGEMENPROJETAKIMI,FCB,1 - 1,89' Erling Haaland
70' (Ended early),EGEMENPROJETAKIMI,HISOR CITI,0 - 2,
FT,EGEMENPROJETAKIMI,FRANCE,5 - 5,9' Erling Haaland | 37' Erling Haaland | 45' Erling Haaland | 49' Erling Haaland | 83' Bernardo Silva
FT,EGEMENPROJETAKIMI,AOWS,3 - 2,28' Erling Haaland | 45' Erling Haaland | 61' Erling Haaland
FT,EGEMENPROJETAKIMI,SIAR C.F,2 - 1,6' Erling Haaland | 17' Erling Haaland
80' (Ended early),EGEMENPROJETAKIMI,MILAN,3 - 0,28' Erling Haaland | 53' Erling Haaland | 80' Erling Haaland
FT,EGEMENPROJETAKIMI,ALI,1 - 1,26' Ousmane Dembele
32' (Ended early),EGEMENPROJETAKIMI,FENERBAHCE,0 - 3,30' Éder Militao
68' (Ended early),EGEMENPROJETAKIMI,TRABZONSPOR,4 - 1,24' Erling Haaland | 34' Ousmane Dembele | 68' Ousmane Dembele
FT,EGEMENPROJETAKIMI,Dream FC,4 - 0,20' Erling Haaland | 29' Erling Haaland | 36' Erling Haaland | 48' Erling Haaland
FT,EGEMENPROJETAKIMI,HUNGARY BUDAPEST,0 - 2,
FT,EGEMENPROJETAKIMI,Dream FC,3 - 3,10' Kevin De Bruyne | 29' Erling Haaland | 41' Erling Haaland
FT,EGEMENPROJETAKIMI,SERVETSS,3 - 0,15' Erling Haaland | 45' Virgil van Dijk | 79' Vini Jr.
FT,EGEMENPROJETAKIMI,WIDZEW LODZ,1 - 2,85' Jude Bellingham
71' (Ended early),EGEMENPROJETAKIMI,FENERBAHCE,3 - 0,71' Erling Haaland
FT,EGEMENPROJETAKIMI,FUNGIUTU,2 - 1,33' Erling Haaland | 43' Erling Haaland
56' (Ended early),EGEMENPROJETAKIMI,EIRHANDER,4 - 1,9' Ousmane Dembele | 32' Vini Jr. | 45' Erling Haaland | 56' Virgil van Dijk
35' (Ended early),EGEMENPROJETAKIMI,ESPIRONCE DE TUNIS,3 - 0,14' Jude Bellingham | 27' Kevin De Bruyne | 35' Erling Haaland
FT,EGEMENPROJETAKIMI,KAVALA FC,2 - 1,27' Vini Jr. | 90' Erling Haaland
FT,EGEMENPROJETAKIMI,EL CHAPO FC,3 - 3,44' Erling Haaland | 69' Erling Haaland | 81' Erling Haaland
42' (Ended early),EGEMENPROJETAKIMI,GUMUSHANE,0 - 3,
55' (Ended early),EGEMENPROJETAKIMI,KOOSPAA,1 - 3,30' Erling Haaland
FT,EGEMENPROJETAKIMI,SPORTING DZ,2 - 2,17' Erling Haaland | 86' Andrew Robertson
FT,EGEMENPROJETAKIMI,MANCHESTER C,2 - 1,13' Breel Embolo | 60' Breel Embolo
87' (Ended early),EGEMENPROJETAKIMI,ARSENAL,5 - 2,22' Breel Embolo | 81' Denis Zakaria | 87' Wilfried Singo
FT,EGEMENPROJETAKIMI,A MADRID,2 - 0,10' Denis Zakaria | 56' (PEN) Breel Embolo
23' (Ended early),EGEMENPROJETAKIMI,Dream FC,4 - 1,18' Breel Embolo
64' (Ended early),EGEMENPROJETAKIMI,A MADRID,3 - 1,18' Breel Embolo | 45' Krepin Diatta | 64' Krepin Diatta
FT,EGEMENPROJETAKIMI,MANCHESTER C,3 - 2,14' Krepin Diatta | 50' Krepin Diatta | 72' Breel Embolo
FT,EGEMENPROJETAKIMI,NAPOLI,2 - 2,45' Breel Embolo | 49' Breel Embolo | 67' Takumi Minamino
6' (Ended early),EGEMENPROJETAKIMI,Dream FC,0 - 3,
65' (Ended early),EGEMENPROJETAKIMI,MANCHESTER C,2 - 3,7' Breel Embolo | 49' Breel Embolo
FT,EGEMENPROJETAKIMI,NAPOLI,3 - 1,6' Maghnes Akliouche | 21' Breel Embolo | 61' Breel Embolo
FT,EGEMENPROJETAKIMI,MANCHESTER C,0 - 1,
FT,EGEMENPROJETAKIMI,HATAYSPOR,3 - 2,21' Ousmane Dembele | 56' Erling Haaland | 75' Erling Haaland
FT,EGEMENPROJETAKIMI,MEGZ,1 - 1,9' Erling Haaland
FT,EGEMENPROJETAKIMI,I SLEEP WITH YOUR MOM,3 - 3,37' Erling Haaland | 56' Erling Haaland | 81' Jude Bellingham
82' (Ended early),EGEMENPROJETAKIMI,DADDY,2 - 4,52' Erling Haaland | 63' Erling Haaland
69' (Ended early),EGEMENPROJETAKIMI,HOLDTHISLOSS,0 - 2,2' Kevin De Bruyne
55' (Ended early),EGEMENPROJETAKIMI,BRAZIL,1 - 3,33' Kevin De Bruyne
FT,EGEMENPROJETAKIMI,FC BARCELONA,1 - 0,90' Erling Haaland
26' (Ended early),EGEMENPROJETAKIMI,ARSENAL,3 - 0,6' Erling Haaland | 26' Erling Haaland
74' (Ended early),EGEMENPROJETAKIMI,SHANY FC,4 - 1,45' Erling Haaland | 49' Erling Haaland | 61' Erling Haaland | 74' Erling Haaland
83' (Ended early),EGEMENPROJETAKIMI,AL HELAL,0 - 3,83' Virgil van Dijk
FT,EGEMENPROJETAKIMI,Dream FC,1 - 1,30' Erling Haaland
68' (Ended early),EGEMENPROJETAKIMI,LEARNING LIFE,4 - 1,12' Ousmane Dembele | 37' Erling Haaland | 44' Erling Haaland | 67' Vini Jr.
FT,EGEMENPROJETAKIMI,YOUNG KINGZ,4 - 0,16' Vini Jr. | 56' Erling Haaland | 76' Erling Haaland | 90' Erling Haaland
FT,EGEMENPROJETAKIMI,WONDER FC,3 - 2,21' Ousmane Dembele | 51' Vini Jr. | 76' Ousmane Dembele
FT,EGEMENPROJETAKIMI,FLACKO,3 - 1,32' Erling Haaland | 64' Erling Haaland | 80' Erling Haaland
33' (Ended early),EGEMENPROJETAKIMI,GALATASARAY,0 - 3,
FT,EGEMENPROJETAKIMI,ALIANZA LIMA 1903,2 - 1,41' Erling Haaland | 84' Kingsley Coman
FT,EGEMENPROJETAKIMI,BUNYODKOR,1 - 0,56' Erling Haaland
FT,EGEMENPROJETAKIMI,MAROC,5 - 1,5' Erling Haaland | 19' Erling Haaland | 54' Vini Jr. | 76' Vini Jr. | 88' Virgil van Dijk
FT,EGEMENPROJETAKIMI,JUNIOR FC,1 - 0,67' Jude Bellingham
88' (Ended early),EGEMENPROJETAKIMI,DD CLUB,2 - 0,75' Ousmane Dembele | 88' Vini Jr.
FT,EGEMENPROJETAKIMI,MESSI10,2 - 1,15' Jude Bellingham | 79' Kingsley Coman
FT,EGEMENPROJETAKIMI,O I D A,1 - 0,58' Erling Haaland
FT,EGEMENPROJETAKIMI,R MADRID,2 - 0,57' Kylian Mbappe | 85' Kylian Mbappe
60' (Ended early),EGEMENPROJETAKIMI,R MADRID,3 - 0,14' Kylian Mbappe | 25' Antonio Rudiger | 60' Kylian Mbappe
FT,EGEMENPROJETAKIMI,R MADRID,1 - 1,27' Antonio Rudiger
FT,EGEMENPROJETAKIMI,R MADRID,0 - 0,
59' (Ended early),EGEMENPROJETAKIMI,MANCHESTER U,3 - 0,4' Aurelien Tchouameni | 14' Lisandro Martinez | 37' Kylian Mbappe
FT,EGEMENPROJETAKIMI,R MADRID,1 - 0,4' Kylian Mbappe
88' (Ended early),EGEMENPROJETAKIMI,LIVERPOOL,3 - 0,59' Antonio Rudiger | 70' Kylian Mbappe | 88' Jude Bellingham
38' (Ended early),EGEMENPROJETAKIMI,R MADRID,0 - 3,
16' (Ended early),EGEMENPROJETAKIMI,BARCELONA,3 - 0,16' Vini Jr.
FT,EGEMENPROJETAKIMI,LIVERPOOL,0 - 0,
FT,EGEMENPROJETAKIMI,LIVERPOOL,1 - 0,45' Vini Jr.
FT,EGEMENPROJETAKIMI,ZMALEK FC,1 - 1,20' Ousmane Dembele
81' (Ended early),EGEMENPROJETAKIMI,GFB,1 - 2,62' Erling Haaland
25' (Ended early),EGEMENPROJETAKIMI,ALAHLYE,0 - 3,
FT,EGEMENPROJETAKIMI,R MADRID,2 - 1,39' (PEN) Kylian Mbappe | 86' Kylian Mbappe
FT,EGEMENPROJETAKIMI,FCBARCEJLOHA,1 - 0,20' (PEN) Cristiano Ronaldo
FT,EGEMENPROJETAKIMI,PPPOOPOKKJ,1 - 0,29' Vini Jr.
FT,EGEMENPROJETAKIMI,OUJDA MA,1 - 1,67' Erling Haaland
FT,EGEMENPROJETAKIMI,SHYMKENT,2 - 1,85' Erling Haaland | 90' Kylian Mbappe
FT,EGEMENPROJETAKIMI,BKS,3 - 2,30' Vini Jr. | 38' Ousmane Dembele | 68' Erling Haaland | 90' Kingsley Coman
FT,EGEMENPROJETAKIMI,REAL MADRID C F,2 - 3,37' Erling Haaland | 59' Erling Haaland
46' (Ended early),EGEMENPROJETAKIMI,OLAH BIRODALOM,1 - 2,4' Erling Haaland
55' (Ended early),EGEMENPROJETAKIMI,LEGENDARY FC,0 - 2,
FT,EGEMENPROJETAKIMI,MANCHESTER CITY,2 - 1,51' Erling Haaland | 63' Erling Haaland
FT,EGEMENPROJETAKIMI,KAZAKHSTAN,0 - 0,
FT,EGEMENPROJETAKIMI,SIMURQ FC,2 - 1,6' Erling Haaland | 36' Erling Haaland
71' (Ended early),EGEMENPROJETAKIMI,BARCAFOREVER,0 - 3,
FT,EGEMENPROJETAKIMI,ALGERIA,4 - 3,23' Erling Haaland | 45' Vini Jr. | 65' Jude Bellingham | 80' Kevin De Bruyne
FT,EGEMENPROJETAKIMI,FC SHAKHTAR DONETSK,3 - 2,36' Erling Haaland | 54' Kevin De Bruyne | 77' Ousmane Dembele
FT,EGEMENPROJETAKIMI,FC POLIGON,1 - 1,45' Rodri | 81' Erling Haaland
FT,EGEMENPROJETAKIMI,SUPA STRIKER,2 - 2,45' Erling Haaland | 70' Erling Haaland
83' (Ended early),EGEMENPROJETAKIMI,LECH POZNA,3 - 1,34' Ousmane Dembele | 53' Ousmane Dembele | 83' Erling Haaland
72' (Ended early),EGEMENPROJETAKIMI,A.C MADRID,1 - 3,13' Erling Haaland
45' (Ended early),EGEMENPROJETAKIMI,REAL MADRID,0 - 2,
FT,EGEMENPROJETAKIMI,FC BARCELONA,3 - 0,74' Vini Jr. | 90' Erling Haaland
FT,EGEMENPROJETAKIMI,FENERBAHCE,3 - 3,29' Kevin De Bruyne | 81' Erling Haaland | 90' Kevin De Bruyne
55' (Ended early),EGEMENPROJETAKIMI,ANAS,0 - 3,
FT,EGEMENPROJETAKIMI,ARSENAL FC,1 - 1,4' Erling Haaland
FT,EGEMENPROJETAKIMI,KMGAOIA,3 - 2,16' Erling Haaland | 33' Kevin De Bruyne | 65' Erling Haaland
80' (Ended early),EGEMENPROJETAKIMI,MSK SNEZNICA,4 - 1,4' Erling Haaland | 12' Erling Haaland | 80' Erling Haaland
FT,EGEMENPROJETAKIMI,Dream FC,0 - 1,50' Virgil van Dijk
FT,EGEMENPROJETAKIMI,RENAISSANCE FC,2 - 2,15' Erling Haaland | 52' Erling Haaland
82' (Ended early),EGEMENPROJETAKIMI,FLICKS FC,3 - 1,23' Erling Haaland | 54' Erling Haaland | 82' Kingsley Coman
FT,EGEMENPROJETAKIMI,ZESTAFONI,2 - 1,15' Ousmane Dembele | 63' Erling Haaland | 90' Erling Haaland
FT,EGEMENPROJETAKIMI,SEVILLA DRAGON,1 - 2,90' Erling Haaland
85' (Ended early),EGEMENPROJETAKIMI,BLACKPOOL FC,0 - 1,
FT,EGEMENPROJETAKIMI,Dream FC,1 - 2,22' Erling Haaland
45' (Ended early),EGEMENPROJETAKIMI,TIKI TAKA,5 - 2,7' Erling Haaland | 18' Erling Haaland
FT,EGEMENPROJETAKIMI,EWUSI MONIES,6 - 1,10' Erling Haaland | 33' Erling Haaland | 39' Ousmane Dembele | 52' Erling Haaland | 71' Erling Haaland | 75' Erling Haaland
FT,EGEMENPROJETAKIMI,HAYDAR,1 - 2,66' Vini Jr.
FT,EGEMENPROJETAKIMI,NDANDA,3 - 2,19' Rodri | 32' Vini Jr. | 78' Vini Jr.
FT,EGEMENPROJETAKIMI,KURDSTAN,4 - 2,6' Erling Haaland | 23' Ousmane Dembele | 66' Ousmane Dembele | 74' Ousmane Dembele
FT,EGEMENPROJETAKIMI,STAR BLANCA,2 - 1,36' Jude Bellingham | 45' Ousmane Dembele | 56' Vini Jr.
FT,EGEMENPROJETAKIMI,ARSENAL,1 - 1,23' Rodrygo
FT,EGEMENPROJETAKIMI,BARCELONA,3 - 3,9' Kylian Mbappe | 16' Kylian Mbappe | 26' Rodrygo
FT,EGEMENPROJETAKIMI,R MADRID,2 - 2,43' Vini Jr. | 60' Kylian Mbappe
FT,EGEMENPROJETAKIMI,BARCELONA,2 - 0,35' Vini Jr. | 45' Kylian Mbappe | 85' Aurelien Tchouameni
FT,EGEMENPROJETAKIMI,PSG,2 - 1,62' Vini Jr. | 70' Vini Jr.
FT,EGEMENPROJETAKIMI,ADANADEMIRSPOR,3 - 0,10' Vini Jr. | 22' Erling Haaland | 39' Rodri | 90' Jude Bellingham
FT,EGEMENPROJETAKIMI,LIVERPOL FC,3 - 1,6' Erling Haaland | 20' Erling Haaland | 45' Erling Haaland
FT,EGEMENPROJETAKIMI,ORACLE,1 - 1,58' Rodri
4' (Ended early),EGEMENPROJETAKIMI,BEITAR JERUSALEM FC,0 - 3,
FT,EGEMENPROJETAKIMI,VAN,1 - 1,57' Erling Haaland
FT,EGEMENPROJETAKIMI,SSL 1900,4 - 1,23' Erling Haaland | 33' Erling Haaland | 85' Erling Haaland | 90' Erling Haaland
63' (Ended early),EGEMENPROJETAKIMI,MAD CLIP,2 - 0,51' Erling Haaland | 63' Erling Haaland
FT,EGEMENPROJETAKIMI,MUNTADHER SALAH,0 - 0,
38' (Ended early),EGEMENPROJETAKIMI,GALATASARAY,1 - 4,35' Erling Haaland
72' (Ended early),EGEMENPROJETAKIMI,LIVERPOOL,0 - 2,
FT,EGEMENPROJETAKIMI,ASK ALGERIA,2 - 0,74' Erling Haaland | 85' Erling Haaland
69' (Ended early),EGEMENPROJETAKIMI,ALGERIE OLB CHIKOR,3 - 0,4' Erling Haaland | 9' Vini Jr. | 69' Erling Haaland
FT,EGEMENPROJETAKIMI,FC STEAUA,1 - 1,85' Erling Haaland
FT,EGEMENPROJETAKIMI,REAL MADRID,0 - 0,
87' (Ended early),EGEMENPROJETAKIMI,Dream FC,0 - 2,
61' (Ended early),EGEMENPROJETAKIMI,BJK,0 - 2,
FT,EGEMENPROJETAKIMI,ALHILAL SUDANESE,2 - 2,33' Erling Haaland | 70' Erling Haaland | 89' Virgil van Dijk
89' (Ended early),EGEMENPROJETAKIMI,FENERBAHCE,3 - 1,10' Virgil van Dijk | 16' Vini Jr. | 89' Ousmane Dembele
FT,EGEMENPROJETAKIMI,REAL MADRID,1 - 0,16' Ousmane Dembele
FT,EGEMENPROJETAKIMI,BUKHARA CITY,2 - 1,71' Ousmane Dembele | 83' Kylian Mbappe
FT,EGEMENPROJETAKIMI,JUVENTUS,1 - 1,64' Erling Haaland
70' (Ended early),EGEMENPROJETAKIMI,KOBANI,3 - 0,13' Erling Haaland | 30' Erling Haaland | 45' Erling Haaland
FT,EGEMENPROJETAKIMI,BJK,1 - 3,77' Erling Haaland
FT,EGEMENPROJETAKIMI,RAJA CASABLANCA,1 - 1,70' Erling Haaland
FT,EGEMENPROJETAKIMI,BANGLA TIGERS,1 - 0,72' Erling Haaland | 81' Vini Jr.
FT,EGEMENPROJETAKIMI,ZIZKO,1 - 2,38' Éder Militao | 50' Erling Haaland
63' (Ended early),EGEMENPROJETAKIMI,JONATHAN,1 - 4,52' Ousmane Dembele
FT,EGEMENPROJETAKIMI,SHAKER,1 - 1,23' Ousmane Dembele
FT,EGEMENPROJETAKIMI,Dream FC,5 - 1,18' Virgil van Dijk | 38' Vini Jr. | 57' Ousmane Dembele | 60' Vini Jr. | 79' Vini Jr.
FT,EGEMENPROJETAKIMI,ADD INSTA- KRN.B,3 - 2,48' Erling Haaland | 73' Erling Haaland | 85' Erling Haaland
FT,EGEMENPROJETAKIMI,LOS PULARDOS FC,2 - 2,77' Jude Bellingham | 86' Erling Haaland
FT,EGEMENPROJETAKIMI,FC BARCELONA,3 - 2,30' Ousmane Dembele | 44' Vini Jr. | 61' Rodri | 89' Erling Haaland
FT,EGEMENPROJETAKIMI,ALBANIA,0 - 1,85' Kingsley Coman
39' (Ended early),EGEMENPROJETAKIMI,TURKIYE,1 - 4,22' Marc-Andre Ter Stegen
FT,EGEMENPROJETAKIMI,ESPERANCE SPORTIF TUNIS,1 - 2,77' Erling Haaland
FT,EGEMENPROJETAKIMI,ELFUEGO,1 - 2,84' Erling Haaland
86' (Ended early),EGEMENPROJETAKIMI,BAYERN,3 - 1,39' Erling Haaland | 55' Erling Haaland | 86' Erling Haaland
FT,EGEMENPROJETAKIMI,TRAGACETE CF,1 - 1,4' Erling Haaland
FT,EGEMENPROJETAKIMI,NEVER LOSE,2 - 1,45' Erling Haaland | 65' Vini Jr.
FT,EGEMENPROJETAKIMI,FC BARCELONA,3 - 3,25' Erling Haaland | 69' Erling Haaland | 83' Erling Haaland
FT,EGEMENPROJETAKIMI,ISRAEL,2 - 1,23' Rodri | 88' Erling Haaland | 89' Kingsley Coman
FT,EGEMENPROJETAKIMI,WATSSAP 213657393324,2 - 0,40' Vini Jr. | 90' Erling Haaland
74' (Ended early),EGEMENPROJETAKIMI,LOS TEMERARIOS,0 - 2,
52' (Ended early),EGEMENPROJETAKIMI,Dream FC,1 - 3,44' Ousmane Dembele
FT,EGEMENPROJETAKIMI,ALGERIA,3 - 2,15' Virgil van Dijk | 30' Erling Haaland | 53' Ousmane Dembele
FT,EGEMENPROJETAKIMI,Dream FC,4 - 3,20' Erling Haaland | 27' Erling Haaland | 63' Erling Haaland | 70' Vini Jr.
FT,EGEMENPROJETAKIMI,CAERO,1 - 0,65' Erling Haaland
47' (Ended early),EGEMENPROJETAKIMI,TUNES,1 - 2,8' Vini Jr.
82' (Ended early),EGEMENPROJETAKIMI,CHELSEA,0 - 3,
FT,EGEMENPROJETAKIMI,ALMATY,1 - 3,90' Vini Jr.
AET,EGEMENPROJETAKIMI,FCB LIBEY22,2 - 4,5' Erling Haaland | 62' Erling Haaland
FT,EGEMENPROJETAKIMI,RMA,2 - 1,10' Erling Haaland | 57' Erling Haaland
FT,EGEMENPROJETAKIMI,ALAITIHAD 1944 LIBYA,2 - 1,6' Vini Jr. | 40' Kevin De Bruyne | 62' Erling Haaland | 86' Erling Haaland
89' (Ended early),EGEMENPROJETAKIMI,LITIJA,0 - 2,
80' (Ended early),EGEMENPROJETAKIMI,GALATASARAY SK,2 - 0,10' Erling Haaland | 61' Erling Haaland
FT,EGEMENPROJETAKIMI,MAN CAN'T SLEEP FC,1 - 2,20' Vini Jr. | 55' Andrew Robertson | 89' Jude Bellingham
FT,EGEMENPROJETAKIMI,FENERBAHCE,1 - 3,49' Éder Militao | 57' Vini Jr.
FT,EGEMENPROJETAKIMI,REAL MADRID,4 - 2,18' Cristiano Ronaldo | 54' Erling Haaland | 79' Kylian Mbappe | 90' Kylian Mbappe
FT,EGEMENPROJETAKIMI,KARTAL,1 - 0,45' Vini Jr.
FT,EGEMENPROJETAKIMI,TOKSTESLA,0 - 1,
FT,EGEMENPROJETAKIMI,FC LIMAN,3 - 2,13' Kylian Mbappe | 50' Antonio Rudiger | 60' Ousmane Dembele | 67' Éder Militao | 69' Bernardo Silva | 77' Erling Haaland | 82' Erling Haaland
FT,EGEMENPROJETAKIMI,KFLLAPI,1 - 3,66' (PEN) Erling Haaland
45' (Ended early),EGEMENPROJETAKIMI,NLE TOP SHOTTAS,3 - 0,24' Bernardo Silva
AET,EGEMENPROJETAKIMI,TRABZONSPOR,1 - 2,45' Bernardo Silva
FT,EGEMENPROJETAKIMI,LIBYA,1 - 4,23' Erling Haaland
FT,EGEMENPROJETAKIMI,R MADRID,3 - 2,21' Erling Haaland | 41' Vini Jr. | 53' Erling Haaland
47' (Ended early),EGEMENPROJETAKIMI,REAL MADRID,4 - 1,8' Erling Haaland
72' (Ended early),EGEMENPROJETAKIMI,REAL MADRID,3 - 0,9' Erling Haaland | 28' Erling Haaland | 72' Erling Haaland
FT,EGEMENPROJETAKIMI,DOGGOTTY PALACE,3 - 2,17' Erling Haaland | 65' Erling Haaland | 82' Erling Haaland
FT,EGEMENPROJETAKIMI,Dream FC,1 - 0,25' Erling Haaland | 90' Kevin De Bruyne
FT,EGEMENPROJETAKIMI,JANGO FC,2 - 1,22' Cristiano Ronaldo | 71' Kevin De Bruyne
FT,EGEMENPROJETAKIMI,REAL MADRID,0 - 1,37' Andrew Robertson
FT,EGEMENPROJETAKIMI,FC DIOUNTOU,1 - 2,54' Denzel Dumfries
FT,EGEMENPROJETAKIMI,REAL MADRID,2 - 1,4' Cristiano Ronaldo | 66' Cristiano Ronaldo | 90' Virgil van Dijk
AET,EGEMENPROJETAKIMI,GALATASARAY,3 - 4,20' Cristiano Ronaldo | 29' Cristiano Ronaldo | 49' Bernardo Silva | 105' Kevin De Bruyne
FT,EGEMENPROJETAKIMI,R MADRID,3 - 1,66' Erling Haaland | 97' Kingsley Coman | 117' Erling Haaland
FT,EGEMENPROJETAKIMI,WAHALA FC,0 - 2,
28' (Ended early),EGEMENPROJETAKIMI,SOM FC,3 - 0,23' Antonio Rudiger
FT,EGEMENPROJETAKIMI,SYREIA,1 - 0,40' Ousmane Dembele
FT,EGEMENPROJETAKIMI,LAREEN,3 - 7,32' Ousmane Dembele | 41' Kevin De Bruyne | 45' Cristiano Ronaldo | 50' Cristiano Ronaldo
AET,EGEMENPROJETAKIMI,EMBRACE WHITE BLOOD,2 - 1,58' Erling Haaland | 95' Kylian Mbappe
FT,EGEMENPROJETAKIMI,REAL KIM LECCE,3 - 1,32' Cristiano Ronaldo | 42' Cristiano Ronaldo | 88' Kingsley Coman
85' (Ended early),EGEMENPROJETAKIMI,Dream FC,5 - 3,38' Vini Jr. | 45' Vini Jr. | 61' Cristiano Ronaldo | 68' Cristiano Ronaldo | 85' Cristiano Ronaldo
FT,EGEMENPROJETAKIMI,PALM CF,1 - 2,30' Erling Haaland
FT,EGEMENPROJETAKIMI,KIKI FC,3 - 2,4' Kingsley Coman | 44' Erling Haaland | 65' Erling Haaland
AET,EGEMENPROJETAKIMI,KAYSERISPOR,4 - 2,4' Erling Haaland | 75' Vini Jr. | 96' Erling Haaland | 111' Kylian Mbappe
FT,EGEMENPROJETAKIMI,ESPERANCE DE TUNIS,1 - 2,41' Erling Haaland
FT,EGEMENPROJETAKIMI,MAROC,3 - 4,7' Cristiano Ronaldo | 18' Vini Jr. | 86' Cristiano Ronaldo
53' (Ended early),EGEMENPROJETAKIMI,MANCHESTER UNITED,3 - 1,3' Cristiano Ronaldo | 11' Cristiano Ronaldo | 53' Cristiano Ronaldo
AET,EGEMENPROJETAKIMI,ALGERIE,4 - 4,13' Erling Haaland | 61' Erling Haaland | 95' Vini Jr. | 112' Kingsley Coman
AET,EGEMENPROJETAKIMI,Dream FC,3 - 4,26' Erling Haaland | 82' Erling Haaland | 90' Erling Haaland
FT,EGEMENPROJETAKIMI,TIL,4 - 1,10' Erling Haaland | 29' Erling Haaland | 37' Erling Haaland | 72' Erling Haaland
AET,EGEMENPROJETAKIMI,MOROCCO,3 - 3,45' Erling Haaland | 75' Ousmane Dembele | 105' Erling Haaland
FT,EGEMENPROJETAKIMI,UZBEKISTAN,3 - 1,49' Erling Haaland | 78' Erling Haaland | 90' Erling Haaland
FT,EGEMENPROJETAKIMI,USAKSPOR,0 - 3,
FT,EGEMENPROJETAKIMI,FK PARTIZAN BEOGRAD,1 - 0,60' Ousmane Dembele
FT,EGEMENPROJETAKIMI,MAROCCO,0 - 2,
FT,EGEMENPROJETAKIMI,GALATASARAY,1 - 3,24' Erling Haaland | 88' Éder Militao
56' (Ended early),EGEMENPROJETAKIMI,ALBANIA,0 - 4,
FT,EGEMENPROJETAKIMI,LEGENT,3 - 1,33' Erling Haaland | 67' Vini Jr. | 90' Kingsley Coman
AET,EGEMENPROJETAKIMI,REAL MADRID,3 - 3,45' Erling Haaland | 45' Vini Jr. | 82' Denzel Dumfries
FT,EGEMENPROJETAKIMI,KURDISTAN,4 - 1,45' Erling Haaland | 51' Erling Haaland | 65' Erling Haaland | 74' Erling Haaland
AET,EGEMENPROJETAKIMI,MONSTERS C.F,4 - 2,70' (PEN) Erling Haaland | 89' Kingsley Coman | 93' Erling Haaland | 102' Erling Haaland
FT,EGEMENPROJETAKIMI,MASTER,2 - 3,65' Bernardo Silva | 84' Virgil van Dijk | 88' Kylian Mbappe
FT,EGEMENPROJETAKIMI,KAR,3 - 0,35' Jude Bellingham | 49' Kylian Mbappe | 62' Vini Jr. | 69' Éder Militao
AET,EGEMENPROJETAKIMI,FC BARCELONA,8 - 5,21' Erling Haaland | 28' Erling Haaland | 43' Kevin De Bruyne | 59' Andrew Robertson | 68' Erling Haaland | 100' Bernardo Silva | 113' Kingsley Coman | 118' Denzel Dumfries | 120' Erling Haaland
FT,EGEMENPROJETAKIMI,ONESEVEN,0 - 5,90' Antonio Rudiger
FT,EGEMENPROJETAKIMI,PROSCKOL,1 - 2,68' Rodri
FT,EGEMENPROJETAKIMI,ALG,1 - 0,32' Vini Jr.
FT,EGEMENPROJETAKIMI,LION HEART FC,5 - 4,18' Erling Haaland | 30' Ousmane Dembele | 40' Erling Haaland | 60' Erling Haaland | 78' Jude Bellingham
89' (Ended early),EGEMENPROJETAKIMI,ALAHLY,1 - 3,50' Vini Jr.
FT,EGEMENPROJETAKIMI,TEE,2 - 1,54' Antonio Rudiger | 90' Ousmane Dembele
FT,EGEMENPROJETAKIMI,A TOWN,1 - 2,31' Kevin De Bruyne
4' (Ended early),EGEMENPROJETAKIMI,BBH,3 - 0,7' Kevin De Bruyne
FT,EGEMENPROJETAKIMI,OPTA,1 - 3,48' Erling Haaland
FT,EGEMENPROJETAKIMI,ARVA FC,4 - 1,69' Erling Haaland | 77' (PEN) Erling Haaland | 81' Kylian Mbappe | 89' Erling Haaland | 90' Kylian Mbappe
FT,EGEMENPROJETAKIMI,G3OX3 FC,0 - 1,
FT,EGEMENPROJETAKIMI,ALL STAR CLUB,4 - 2,4' Éder Militao | 45' Erling Haaland | 63' Vini Jr. | 82' Erling Haaland
FT,EGEMENPROJETAKIMI,FENERBAHCE SK,2 - 0,45' Vini Jr. | 86' Antonio Rudiger
FT,EGEMENPROJETAKIMI,LEO MESSI,4 - 3,18' Erling Haaland | 48' Erling Haaland | 66' Vini Jr. | 89' Erling Haaland
72' (Ended early),EGEMENPROJETAKIMI,MANCHESTER CITY,3 - 0,44' Éder Militao | 52' Erling Haaland | 72' Kevin De Bruyne
FT,EGEMENPROJETAKIMI,NASAF FC,4 - 2,41' Ousmane Dembele | 58' Erling Haaland | 84' Erling Haaland | 89' Kingsley Coman
FT,EGEMENPROJETAKIMI,WYDAD CASABLANCA,0 - 0,
45' (Ended early),EGEMENPROJETAKIMI,FENERBAHCE,4 - 1,23' Erling Haaland
FT,EGEMENPROJETAKIMI,MANCHESTER,4 - 1,13' Erling Haaland | 40' Erling Haaland | 49' Erling Haaland | 71' Erling Haaland
5' (Ended early),EGEMENPROJETAKIMI,GAREM,0 - 3,5' Antonio Rudiger
FT,EGEMENPROJETAKIMI,USKUP CITY,0 - 1,
FT,EGEMENPROJETAKIMI,TURKYE,0 - 1,40' Antonio Rudiger | 74' Éder Militao
FT,EGEMENPROJETAKIMI,ACCOR,2 - 1,77' Erling Haaland | 90' Antonio Rudiger
FT,EGEMENPROJETAKIMI,FC INTER,3 - 1,11' Erling Haaland | 24' Erling Haaland | 54' Erling Haaland
FT,EGEMENPROJETAKIMI,MEN NETOM,2 - 1,9' Erling Haaland | 21' Erling Haaland | 63' Ousmane Dembele
FT,EGEMENPROJETAKIMI,BARINAS CITY FC,3 - 4,9' Vini Jr. | 38' Bernardo Silva | 61' Erling Haaland
AET,EGEMENPROJETAKIMI,START,6 - 3,32' Ousmane Dembele | 57' Erling Haaland | 71' Erling Haaland | 96' Erling Haaland | 108' Erling Haaland | 118' Erling Haaland
FT,EGEMENPROJETAKIMI,RED BLACK,1 - 2,68' Erling Haaland
45' (Ended early),EGEMENPROJETAKIMI,GALATASARAY,4 - 1,7' Erling Haaland | 17' Vini Jr. | 24' Erling Haaland
FT,EGEMENPROJETAKIMI,NEJMEH,0 - 1,
FT,EGEMENPROJETAKIMI,ZEZEKOO,1 - 0,25' Antonio Rudiger | 90' Antonio Rudiger
87' (Ended early),EGEMENPROJETAKIMI,Dream FC,4 - 2,23' Antonio Rudiger | 43' Jude Bellingham | 52' Vini Jr. | 87' Erling Haaland
FT,EGEMENPROJETAKIMI,ESTEGHLAL FC,1 - 3,90' Antonio Rudiger | 90' Éder Militao
FT,EGEMENPROJETAKIMI,TURKEY CIKSALIN SK,2 - 1,59' Erling Haaland | 71' Erling Haaland
FT,EGEMENPROJETAKIMI,GALAXY WARRIORS,3 - 2,56' Erling Haaland | 78' Erling Haaland | 88' Erling Haaland
56' (Ended early),EGEMENPROJETAKIMI,AL BOB,0 - 3,
87' (Ended early),EGEMENPROJETAKIMI,FC BG,6 - 4,16' Erling Haaland | 28' Vini Jr. | 35' Erling Haaland | 49' Erling Haaland | 70' Erling Haaland | 87' Erling Haaland
FT,EGEMENPROJETAKIMI,FENER BAHCE,1 - 2,86' Vini Jr.
FT,EGEMENPROJETAKIMI,GYPSY KINGS,3 - 0,5' Antonio Rudiger | 66' Erling Haaland | 90' Erling Haaland
FT,EGEMENPROJETAKIMI,BARCELONA,2 - 1,16' Erling Haaland | 43' Erling Haaland
FT,EGEMENPROJETAKIMI,FC BARCELONE,3 - 1,42' Ousmane Dembele | 66' Ousmane Dembele | 71' Kingsley Coman
75' (Ended early),EGEMENPROJETAKIMI,GHOST TOUCH FC,5 - 2,26' Erling Haaland | 44' Erling Haaland
FT,EGEMENPROJETAKIMI,FC STARS,2 - 0,41' Virgil van Dijk | 89' Erling Haaland
FT,EGEMENPROJETAKIMI,OQUZHAN,3 - 1,17' Vini Jr. | 38' Erling Haaland | 50' Erling Haaland
FT,EGEMENPROJETAKIMI,FC GORLOVKA,2 - 1,50' Antonio Rudiger | 90' Erling Haaland
FT,EGEMENPROJETAKIMI,CHELSEA F C,2 - 1,45' Erling Haaland | 90' Erling Haaland
FT,EGEMENPROJETAKIMI,2DROTS,1 - 0,63' Erling Haaland
FT,EGEMENPROJETAKIMI,GALATASARAY,3 - 2,4' Erling Haaland | 40' Erling Haaland | 64' Erling Haaland
FT,EGEMENPROJETAKIMI,DONFRANK FC,1 - 2,39' Erling Haaland
FT,EGEMENPROJETAKIMI,RAJA CLUB ATHLETIC,4 - 3,7' Erling Haaland | 20' Erling Haaland | 59' Erling Haaland | 71' Erling Haaland | 78' Bernardo Silva
FT,EGEMENPROJETAKIMI,YOUCEF,2 - 1,6' Jude Bellingham | 31' Erling Haaland
45' (Ended early),EGEMENPROJETAKIMI,CRVENA ZVEZDA,1 - 3,12' Erling Haaland
FT,EGEMENPROJETAKIMI,FC CZADS,1 - 1,27' Antonio Rudiger
FT,EGEMENPROJETAKIMI,FK KRAJINA,1 - 2,7' Erling Haaland
64' (Ended early),EGEMENPROJETAKIMI,ALL OUT,3 - 0,17' Erling Haaland | 65' Erling Haaland
FT,EGEMENPROJETAKIMI,PALUSPOR,0 - 1,
FT,EGEMENPROJETAKIMI,FCB,3 - 0,16' Vini Jr. | 33' Kevin De Bruyne | 42' Erling Haaland | 90' Cristiano Ronaldo
FT,EGEMENPROJETAKIMI,GALATASARAY,2 - 2,24' Erling Haaland | 75' Erling Haaland | 78' Ousmane Dembele
FT,EGEMENPROJETAKIMI,Dream FC,2 - 5,30' Jude Bellingham | 42' Erling Haaland
17' (Ended early),EGEMENPROJETAKIMI,AL AHLY,0 - 3,
FT,EGEMENPROJETAKIMI,ZANAROS FC,2 - 2,7' Antonio Rudiger | 53' Erling Haaland
FT,EGEMENPROJETAKIMI,FC BARCELONA,6 - 3,33' Ousmane Dembele | 51' Ousmane Dembele | 83' Erling Haaland | 90' Bernardo Silva
27' (Ended early),EGEMENPROJETAKIMI,KS POLKOWICE,3 - 0,26' Erling Haaland
FT,EGEMENPROJETAKIMI,AHLAY,4 - 3,14' Ousmane Dembele | 41' Erling Haaland | 53' Antonio Rudiger | 90' Luka Modrić
FT,EGEMENPROJETAKIMI,AFGANISTAN,2 - 1,26' Erling Haaland | 60' Erling Haaland | 82' Antonio Rudiger
FT,EGEMENPROJETAKIMI,SHENO ELFAGER,4 - 2,4' Erling Haaland | 37' Erling Haaland | 50' Erling Haaland | 61' Erling Haaland | 85' Erling Haaland
FT,EGEMENPROJETAKIMI,ALEXANDRIA XI,2 - 4,26' Erling Haaland | 51' Erling Haaland | 57' Éder Militao | 65' Antonio Rudiger | 90' Denzel Dumfries
FT,EGEMENPROJETAKIMI,TRABZONSPOR,2 - 2,6' Erling Haaland | 13' Erling Haaland
FT,EGEMENPROJETAKIMI,CHELSEA FC,4 - 2,14' Erling Haaland | 56' Erling Haaland | 82' (PEN) Erling Haaland | 90' Erling Haaland
74' (Ended early),EGEMENPROJETAKIMI,ALGERIEN,4 - 1,56' Erling Haaland
41' (Ended early),EGEMENPROJETAKIMI,MC 775 FC,0 - 3,25' Antonio Rudiger
FT,EGEMENPROJETAKIMI,ACMILAN,2 - 2,39' Erling Haaland | 48' Kevin De Bruyne | 51' Éder Militao
FT,EGEMENPROJETAKIMI,FENERBAHCE,2 - 2,53' Erling Haaland | 90' Virgil van Dijk
FT,EGEMENPROJETAKIMI,LIVERPOOL,2 - 1,8' Erling Haaland | 53' Erling Haaland | 73' Andrew Robertson
FT,EGEMENPROJETAKIMI,BARCHALONA,2 - 3,5' Erling Haaland | 8' Antonio Rudiger | 38' Erling Haaland
FT,EGEMENPROJETAKIMI,OFK BEOGRAD,1 - 2,87' Jude Bellingham
FT,EGEMENPROJETAKIMI,LIVERPOOL,3 - 2,15' Antonio Rudiger | 24' Erling Haaland | 41' Erling Haaland | 85' Kevin De Bruyne
FT,EGEMENPROJETAKIMI,X999,0 - 0,
FT,EGEMENPROJETAKIMI,SHARONS FC,2 - 2,10' Virgil van Dijk | 74' Erling Haaland
80' (Ended early),EGEMENPROJETAKIMI,ADANA DEMIRSPOR,1 - 4,8' Erling Haaland | 31' Antonio Rudiger
FT,EGEMENPROJETAKIMI,MORROCCO,0 - 0,
FT,EGEMENPROJETAKIMI,FENERBAHCE SK,1 - 1,63' Erling Haaland
FT,EGEMENPROJETAKIMI,RAJA CLUB ATHLETIC,2 - 1,29' Cristiano Ronaldo | 57' Denzel Dumfries | 89' Kevin De Bruyne
FT,EGEMENPROJETAKIMI,AL AHLY FC,4 - 4,56' Erling Haaland | 65' Erling Haaland | 77' Vini Jr. | 90' Erling Haaland
FT,EGEMENPROJETAKIMI,WES,1 - 4,10' Vini Jr. | 79' Éder Militao | 88' Antonio Rudiger | 90' Jude Bellingham
FT,EGEMENPROJETAKIMI,BAYERN MUNICH,2 - 2,42' Erling Haaland | 55' Ousmane Dembele | 61' Erling Haaland
FT,EGEMENPROJETAKIMI,BARCELONA,0 - 2,
FT,EGEMENPROJETAKIMI,QARABAGH FK,4 - 3,5' Vini Jr. | 54' Vini Jr. | 77' Erling Haaland | 88' Rodri
FT,EGEMENPROJETAKIMI,AL AHLY,1 - 1,35' Erling Haaland
81' (Ended early),EGEMENPROJETAKIMI,JOPRAN,2 - 0,66' Erling Haaland | 81' Erling Haaland
68' (Ended early),EGEMENPROJETAKIMI,PANATHINAIKOS FC,3 - 0,27' (PEN) Erling Haaland | 45' Jude Bellingham
FT,EGEMENPROJETAKIMI,REAL MADRID,2 - 2,14' Kevin De Bruyne | 74' Erling Haaland | 90' Luka Modrić
FT,EGEMENPROJETAKIMI,BARCELONA,3 - 1,5' Erling Haaland | 25' Denzel Dumfries | 35' Erling Haaland
FT,EGEMENPROJETAKIMI,FC ALMATY,1 - 0,53' Ousmane Dembele
FT,EGEMENPROJETAKIMI,WYDAD ATHLETIC,2 - 2,15' Erling Haaland | 22' Erling Haaland | 45' Virgil van Dijk
FT,EGEMENPROJETAKIMI,ZAZA,2 - 0,65' Erling Haaland | 90' Erling Haaland
FT,EGEMENPROJETAKIMI,RM UZB,5 - 3,14' Erling Haaland | 44' Erling Haaland | 52' Erling Haaland | 61' Erling Haaland | 66' Erling Haaland
FT,EGEMENPROJETAKIMI,ETHIOPIA,0 - 1,
FT,EGEMENPROJETAKIMI,AT KAFASI SPOR,4 - 4,9' Erling Haaland | 64' Erling Haaland | 72' Erling Haaland | 87' Cristiano Ronaldo
18' (Ended early),EGEMENPROJETAKIMI,IONUT,3 - 0,12' Erling Haaland | 18' Erling Haaland
FT,EGEMENPROJETAKIMI,CIMBOM,2 - 1,3' Cristiano Ronaldo | 9' Antonio Rudiger | 67' Cristiano Ronaldo
FT,EGEMENPROJETAKIMI,DJALIROU,1 - 0,86' Erling Haaland | 90' Éder Militao
FT,EGEMENPROJETAKIMI,MOKOENA FC,2 - 2,24' Kingsley Coman | 80' Erling Haaland
FT,EGEMENPROJETAKIMI,GALATASARAY,6 - 3,6' Cristiano Ronaldo | 28' Cristiano Ronaldo | 43' Cristiano Ronaldo | 57' Erling Haaland | 63' Erling Haaland | 85' Kingsley Coman | 88' Éder Militao | 90' Andrew Robertson
FT,EGEMENPROJETAKIMI,GERMANY,3 - 0,4' Cristiano Ronaldo | 61' Kingsley Coman | 83' Erling Haaland
FT,EGEMENPROJETAKIMI,YENI MALATYASPOR,3 - 0,76' Erling Haaland | 80' Erling Haaland | 90' Erling Haaland
FT,EGEMENPROJETAKIMI,SKY FC,2 - 2,39' Jude Bellingham | 70' Vini Jr. | 82' Erling Haaland
FT,EGEMENPROJETAKIMI,US SALERNITANA,2 - 3,32' Cristiano Ronaldo | 89' Cristiano Ronaldo
FT,EGEMENPROJETAKIMI,T99,0 - 2,
86' (Ended early),EGEMENPROJETAKIMI,ERNAR,4 - 1,12' Erling Haaland
FT,EGEMENPROJETAKIMI,ALAHLY FC,2 - 2,63' Kevin De Bruyne | 90' Erling Haaland
FT,EGEMENPROJETAKIMI,RACHED SA FC,1 - 2,18' Ousmane Dembele
FT,EGEMENPROJETAKIMI,MANCHESTER BLUE,2 - 1,44' Erling Haaland | 77' Ousmane Dembele
FT,EGEMENPROJETAKIMI,LOCOMOTION FC,0 - 1,
FT,EGEMENPROJETAKIMI,A MILAN,1 - 0,34' Lautaro Martinez
FT,EGEMENPROJETAKIMI,J TURIN,3 - 0,28' Lautaro Martinez | 55' Alessandro Bastoni | 63' Hakan Çalhanoğlu
FT,EGEMENPROJETAKIMI,A MILAN,2 - 3,50' Marcus Thuram | 90' Marcus Thuram
69' (Ended early),EGEMENPROJETAKIMI,LAZIO,4 - 1,3' Marcus Thuram | 15' Francesco Acerbi | 20' Marcus Thuram | 69' Marcus Thuram
FT,EGEMENPROJETAKIMI,LAZIO,2 - 1,40' Lautaro Martinez | 78' Marcus Thuram
FT,EGEMENPROJETAKIMI,J TURIN,4 - 1,3' Marcus Thuram | 33' Marcus Thuram | 67' Marcus Thuram | 79' Marcus Thuram
76' (Ended early),EGEMENPROJETAKIMI,I MILAN,5 - 2,19' Marcus Thuram | 25' Marcus Thuram | 58' Marcus Thuram | 64' Lautaro Martinez | 76' Nicolo Barella
FT,EGEMENPROJETAKIMI,I MILAN,2 - 1,19' Marcus Thuram | 55' Lautaro Martinez | 84' Francesco Acerbi
FT,EGEMENPROJETAKIMI,A MILAN,0 - 0,
FT,EGEMENPROJETAKIMI,A MILAN,2 - 2,33' Marcus Thuram | 67' Marcus Thuram
40' (Ended early),EGEMENPROJETAKIMI,NAPOLI,3 - 0,6' Marcus Thuram | 19' Henrikh Mkhitaryan | 40' Marcus Thuram
83' (Ended early),EGEMENPROJETAKIMI,CHELSEA,0 - 2,
FT,EGEMENPROJETAKIMI,LIVERPOOL,2 - 2,10' Erling Haaland | 55' Erling Haaland
8' (Ended early),EGEMENPROJETAKIMI,MANCHESTER C,3 - 0,8' Erling Haaland
FT,EGEMENPROJETAKIMI,LIVERPOOL,2 - 0,62' Rodri | 80' Erling Haaland
FT,EGEMENPROJETAKIMI,ARSENAL,3 - 3,45' Erling Haaland | 68' Erling Haaland | 81' Jack Grealish
88' (Ended early),EGEMENPROJETAKIMI,MANCHESTER C,4 - 1,19' Phil Foden | 42' Erling Haaland | 52' Kevin De Bruyne | 88' Erling Haaland
FT,EGEMENPROJETAKIMI,MANCHESTER C,2 - 2,39' Erling Haaland | 85' Erling Haaland
FT,EGEMENPROJETAKIMI,MANCHESTER C,4 - 0,23' Erling Haaland | 42' Erling Haaland | 64' Erling Haaland | 83' Kevin De Bruyne
66' (Ended early),EGEMENPROJETAKIMI,MANCHESTER C,0 - 3,17' Manuel Akanji
FT,EGEMENPROJETAKIMI,LIVERPOOL,1 - 3,84' Erling Haaland
FT,EGEMENPROJETAKIMI,LIVERPOOL,3 - 1,14' Phil Foden | 37' Erling Haaland | 61' Erling Haaland
FT,EGEMENPROJETAKIMI,MANCHESTER U,2 - 0,58' Kevin De Bruyne | 68' Rodri
FT,EGEMENPROJETAKIMI,ARSENAL,2 - 3,24' Rodri | 49' Erling Haaland
FT,EGEMENPROJETAKIMI,LIVERPOOL,3 - 3,12' Erling Haaland | 37' Erling Haaland | 66' Ruben Dias
FT,EGEMENPROJETAKIMI,BE NICE OR BE QUIET,2 - 3,72' Erling Haaland | 80' Bernardo Silva
FT,EGEMENPROJETAKIMI,GEORGIA,1 - 0,43' Antonio Rudiger | 61' Erling Haaland
FT,EGEMENPROJETAKIMI,MANCHESTER CITY,2 - 2,27' Rodri | 84' Ousmane Dembele
81' (Ended early),EGEMENPROJETAKIMI,GALATASARAY,2 - 0,52' Erling Haaland | 65' Erling Haaland
FT,EGEMENPROJETAKIMI,REALMADRID,3 - 2,30' Cristiano Ronaldo | 52' Antonio Rudiger | 60' Cristiano Ronaldo
FT,EGEMENPROJETAKIMI,ALAHLY MS,2 - 1,56' Erling Haaland | 77' Erling Haaland
FT,EGEMENPROJETAKIMI,GALATASARAY FC,3 - 2,68' Erling Haaland | 79' Erling Haaland | 90' Erling Haaland
FT,EGEMENPROJETAKIMI,CHERNOMORETS ODESSA,3 - 2,32' Jude Bellingham | 44' Cristiano Ronaldo | 75' Erling Haaland
FT,EGEMENPROJETAKIMI,FENERBAHCE BATMAN,1 - 1,82' Erling Haaland
FT,EGEMENPROJETAKIMI,OSCAR,1 - 0,14' Cristiano Ronaldo
FT,EGEMENPROJETAKIMI,NIGL FC,2 - 1,35' Cristiano Ronaldo | 58' Cristiano Ronaldo
FT,EGEMENPROJETAKIMI,UZBEKISTON,1 - 2,52' Antonio Rudiger
45' (Ended early),EGEMENPROJETAKIMI,CF REAL MADRID,4 - 1,18' Kingsley Coman | 45' Cristiano Ronaldo
FT,EGEMENPROJETAKIMI,REAL MADRID CF,0 - 2,
77' (Ended early),EGEMENPROJETAKIMI,ALBANIA,2 - 3,16' Antonio Rudiger | 50' Antonio Rudiger | 58' Cristiano Ronaldo
FT,EGEMENPROJETAKIMI,STONE FC,1 - 1,45' Ousmane Dembele
FT,EGEMENPROJETAKIMI,ESS,1 - 1,44' Jude Bellingham | 61' Vini Jr.
FT,EGEMENPROJETAKIMI,ALAHLY,4 - 0,34' Vini Jr. | 42' Ousmane Dembele | 61' Denzel Dumfries | 72' Ousmane Dembele
88' (Ended early),EGEMENPROJETAKIMI,HASAN,4 - 1,78' Bernardo Silva | 88' Erling Haaland
88' (Ended early),EGEMENPROJETAKIMI,WAC,4 - 1,37' Cristiano Ronaldo | 50' Cristiano Ronaldo | 88' Cristiano Ronaldo
FT,EGEMENPROJETAKIMI,GALATASARAY VECIH,3 - 3,42' Rodri | 64' Vini Jr. | 78' Erling Haaland
FT,EGEMENPROJETAKIMI,ETOILE DU SAHEL,3 - 0,79' Erling Haaland | 85' Erling Haaland | 90' Erling Haaland
FT,EGEMENPROJETAKIMI,MAROC,2 - 1,48' Erling Haaland | 89' Cristiano Ronaldo
49' (Ended early),EGEMENPROJETAKIMI,SHATTA 55,1 - 3,43' (PEN) Erling Haaland
FT,EGEMENPROJETAKIMI,EMMM,2 - 1,29' Rodri | 40' Erling Haaland
FT,EGEMENPROJETAKIMI,NENE FC,0 - 1,
34' (Ended early),EGEMENPROJETAKIMI,JDJD,0 - 3,
FT,EGEMENPROJETAKIMI,FC CORVINUL,1 - 2,4' Erling Haaland
84' (Ended early),EGEMENPROJETAKIMI,ARARAT,1 - 3,37' Erling Haaland
76' (Ended early),EGEMENPROJETAKIMI,ZENIT FC,2 - 1,57' Erling Haaland | 65' Erling Haaland
FT,EGEMENPROJETAKIMI,FULASHI,3 - 2,37' Erling Haaland | 48' Erling Haaland | 68' Erling Haaland
FT,EGEMENPROJETAKIMI,NANDEZ LADS,1 - 2,15' Antonio Rudiger
87' (Ended early),EGEMENPROJETAKIMI,FCALBY,3 - 1,9' Bernardo Silva | 67' Erling Haaland | 86' Kingsley Coman
FT,EGEMENPROJETAKIMI,KF TIRONA,2 - 3,17' Erling Haaland | 51' Kevin De Bruyne
FT,EGEMENPROJETAKIMI,FATO 223,3 - 1,41' Erling Haaland | 67' Kingsley Coman | 84' Cristiano Ronaldo
FT,EGEMENPROJETAKIMI,FENERBAHCE,2 - 1,43' Erling Haaland | 60' Erling Haaland
FT,EGEMENPROJETAKIMI,REAL MADRID,5 - 3,37' Erling Haaland | 52' Erling Haaland | 67' Erling Haaland | 75' Erling Haaland | 90' Cristiano Ronaldo
FT,EGEMENPROJETAKIMI,JETISY JASTAR,3 - 1,24' Kevin De Bruyne | 32' Kevin De Bruyne | 77' Antonio Rudiger
FT,EGEMENPROJETAKIMI,ABMMMM,2 - 0,44' Erling Haaland | 59' Erling Haaland
FT,EGEMENPROJETAKIMI,AHLY,5 - 1,9' Denzel Dumfries | 24' Éder Militao | 53' Vini Jr. | 63' Erling Haaland | 72' Erling Haaland | 83' Cristiano Ronaldo
FT,EGEMENPROJETAKIMI,KONA FC,3 - 1,20' Rodri | 53' Erling Haaland | 74' Erling Haaland | 90' Erling Haaland
FT,EGEMENPROJETAKIMI,GIYAN,4 - 0,38' Erling Haaland | 45' Erling Haaland | 54' Ousmane Dembele | 65' Antonio Rudiger | 77' (PEN) Erling Haaland
FT,EGEMENPROJETAKIMI,NAUORI,0 - 0,
45' (Ended early),EGEMENPROJETAKIMI,FC ALGERIA,4 - 1,
82' (Ended early),EGEMENPROJETAKIMI,URFASPOR,0 - 3,
FT,EGEMENPROJETAKIMI,999,1 - 2,61' Erling Haaland
FT,EGEMENPROJETAKIMI,ODIME NA POBEDA,3 - 1,23' Erling Haaland | 40' Erling Haaland | 60' Erling Haaland
FT,EGEMENPROJETAKIMI,SILENCIEUX,1 - 0,83' Erling Haaland
58' (Ended early),EGEMENPROJETAKIMI,FC MADRID,0 - 2,
FT,EGEMENPROJETAKIMI,MADERAT,3 - 3,35' Erling Haaland | 50' Vini Jr. | 77' Erling Haaland
FT,EGEMENPROJETAKIMI,SHEPLAQ,1 - 0,16' Vini Jr.
FT,EGEMENPROJETAKIMI,GALATASARAY,1 - 1,8' Cristiano Ronaldo
FT,EGEMENPROJETAKIMI,SELEHATTIN DEMIRTAS,3 - 4,20' Erling Haaland | 39' Kingsley Coman | 67' Erling Haaland | 69' Erling Haaland
FT,EGEMENPROJETAKIMI,FC WUTTA,2 - 3,28' Erling Haaland | 73' Erling Haaland
FT,EGEMENPROJETAKIMI,CAN'T FIT MY WILLIAN,1 - 1,90' Erling Haaland
FT,EGEMENPROJETAKIMI,FENERBAHCE1907,2 - 0,45' Rodri | 83' Antonio Rudiger
FT,EGEMENPROJETAKIMI,ALELMY,3 - 0,70' Kevin De Bruyne | 74' Erling Haaland | 90' Erling Haaland
FT,EGEMENPROJETAKIMI,TURKMENSTAN,1 - 1,35' Antonio Rudiger | 66' Erling Haaland
FT,EGEMENPROJETAKIMI,MESSI,0 - 0,
FT,EGEMENPROJETAKIMI,YUKSALISH,2 - 2,4' Vini Jr. | 22' Éder Militao | 50' Éder Militao | 90' Jude Bellingham
FT,EGEMENPROJETAKIMI,TURKIYE,2 - 1,49' Erling Haaland | 72' Ousmane Dembele
FT,EGEMENPROJETAKIMI,DZC FK,0 - 0,
FT,EGEMENPROJETAKIMI,BECKHED FC,2 - 2,90' Erling Haaland | 114' Erling Haaland
FT,EGEMENPROJETAKIMI,HAJDUK SPLIT,1 - 2,4' Erling Haaland
FT,EGEMENPROJETAKIMI,MOC,4 - 3,29' Erling Haaland | 49' Erling Haaland | 65' Erling Haaland | 81' Erling Haaland
FT,EGEMENPROJETAKIMI,MONSTER,5 - 6,30' Antonio Rudiger | 38' Erling Haaland | 51' Erling Haaland | 101' Erling Haaland | 120' Bernardo Silva
64' (Ended early),EGEMENPROJETAKIMI,BUTAN,2 - 3,18' Vini Jr. | 49' Erling Haaland
FT,EGEMENPROJETAKIMI,YAHYA ALADAWY,0 - 3,
FT,EGEMENPROJETAKIMI,ZUKKY,2 - 1,15' Erling Haaland | 38' Erling Haaland
20' (Ended early),EGEMENPROJETAKIMI,KAYSAR,0 - 3,
60' (Ended early),EGEMENPROJETAKIMI,MBY,3 - 0,6' Erling Haaland | 13' Vini Jr. | 60' Erling Haaland
FT,EGEMENPROJETAKIMI,PEOPLE OF PEACE,1 - 2,28' Erling Haaland
FT,EGEMENPROJETAKIMI,CELTA DE VINO,2 - 1,34' Kevin De Bruyne | 99' Cristiano Ronaldo
FT,EGEMENPROJETAKIMI,ETHIOPIA FC,3 - 2,7' Erling Haaland | 21' Denzel Dumfries | 31' Erling Haaland | 111' Erling Haaland | 115' Erling Haaland
FT,EGEMENPROJETAKIMI,EMIR ATES FK,2 - 1,30' Erling Haaland | 90' Jude Bellingham
FT,EGEMENPROJETAKIMI,WNELOVE FC,4 - 2,17' Erling Haaland | 71' Erling Haaland | 82' Erling Haaland | 90' Erling Haaland
FT,EGEMENPROJETAKIMI,GALATASARAY,3 - 0,4' Erling Haaland | 29' Jude Bellingham | 36' Erling Haaland | 45' Jude Bellingham
FT,EGEMENPROJETAKIMI,AJA FC,2 - 0,16' Erling Haaland | 70' Erling Haaland
FT,EGEMENPROJETAKIMI,KING PELE,2 - 1,9' Erling Haaland | 45' Antonio Rudiger | 114' Cristiano Ronaldo
AET,EGEMENPROJETAKIMI,ALZMELK,0 - 1,
66' (Ended early),EGEMENPROJETAKIMI,REAL MADRID,1 - 4,13' Jude Bellingham
67' (Ended early),EGEMENPROJETAKIMI,MONTEPINHEIRO FC,0 - 2,52' Antonio Rudiger | 66' Andrew Robertson
FT,EGEMENPROJETAKIMI,MIDO,2 - 3,76' (PEN) Erling Haaland | 86' Cristiano Ronaldo
64' (Ended early),EGEMENPROJETAKIMI,FENERBAHCE,2 - 3,52' Erling Haaland | 64' Bernardo Silva
FT,EGEMENPROJETAKIMI,SHIRE,2 - 0,35' Erling Haaland | 51' Kingsley Coman
FT,EGEMENPROJETAKIMI,GALATASARAY,5 - 2,41' Cristiano Ronaldo | 60' Cristiano Ronaldo | 75' Cristiano Ronaldo | 88' Erling Haaland
FT,EGEMENPROJETAKIMI,GONEN SPOR,2 - 0,8' Cristiano Ronaldo | 73' Erling Haaland
FT,EGEMENPROJETAKIMI,B A R C E L O N A,3 - 3,56' Erling Haaland | 85' Erling Haaland | 90' Erling Haaland
FT,EGEMENPROJETAKIMI,KURD,1 - 2,4' Ousmane Dembele
63' (Ended early),EGEMENPROJETAKIMI,DCERVANTS,3 - 0,4' Erling Haaland | 45' Jude Bellingham | 50' Kevin De Bruyne | 63' Antonio Rudiger
FT,EGEMENPROJETAKIMI,STEMPIATI FC,1 - 2,23' Erling Haaland | 90' Éder Militao
FT,EGEMENPROJETAKIMI,KIELER SV HOLSTEIN VON 1900 EV,2 - 2,19' Erling Haaland | 34' Erling Haaland
46' (Ended early),EGEMENPROJETAKIMI,YOUSSEF CHAAB,4 - 1,15' Vini Jr. | 27' Erling Haaland
FT,EGEMENPROJETAKIMI,ALI AL-IRAQ,0 - 1,
FT,EGEMENPROJETAKIMI,DAN UNITED FC,1 - 0,40' Vini Jr.
FT,EGEMENPROJETAKIMI,BRITO,3 - 0,8' Erling Haaland | 16' Erling Haaland | 89' Erling Haaland
FT,EGEMENPROJETAKIMI,MOHA MAR,3 - 3,44' Erling Haaland | 78' Erling Haaland | 90' Antonio Rudiger
FT,EGEMENPROJETAKIMI,NASR,1 - 1,17' Erling Haaland
85' (Ended early),EGEMENPROJETAKIMI,KEN STARS,3 - 0,20' Erling Haaland | 45' Antonio Rudiger | 51' Ousmane Dembele | 70' Ousmane Dembele
76' (Ended early),EGEMENPROJETAKIMI,FENERBAHCE,4 - 2,17' Erling Haaland | 44' Erling Haaland | 71' Kingsley Coman | 76' Bernardo Silva
FT,EGEMENPROJETAKIMI,BARCELONA,2 - 2,40' Vini Jr. | 82' Kingsley Coman
FT,EGEMENPROJETAKIMI,001,1 - 1,2' Erling Haaland | 73' Kingsley Coman
FT,EGEMENPROJETAKIMI,MODY,3 - 3,23' Éder Militao | 61' Ousmane Dembele | 83' Thibaut Courtois | 90' Cristiano Ronaldo
FT,EGEMENPROJETAKIMI,ALGERIA,1 - 2,37' Erling Haaland
FT,EGEMENPROJETAKIMI,GALATASARAY,2 - 4,30' Luka Modrić | 52' Erling Haaland
FT,EGEMENPROJETAKIMI,KOUMA FOOT,2 - 2,45' Ousmane Dembele | 52' Vini Jr.
78' (Ended early),EGEMENPROJETAKIMI,OMAR 85,3 - 0,45' Cristiano Ronaldo | 69' Cristiano Ronaldo
FT,EGEMENPROJETAKIMI,HALA MDRID,3 - 3,10' Cristiano Ronaldo | 34' Erling Haaland | 56' Cristiano Ronaldo | 61' Declan Rice
26' (Ended early),EGEMENPROJETAKIMI,SPORTING CRISTAL,0 - 3,
FT,EGEMENPROJETAKIMI,REAL MALI,1 - 2,83' Erling Haaland
FT,EGEMENPROJETAKIMI,FENERBAHCE,2 - 4,14' Erling Haaland | 17' Antonio Rudiger | 54' Bernardo Silva
88' (Ended early),EGEMENPROJETAKIMI,SLP CITY,2 - 0,73' Cristiano Ronaldo | 88' Erling Haaland
FT,EGEMENPROJETAKIMI,DEMO,2 - 3,19' Vini Jr. | 87' Kevin De Bruyne
FT,EGEMENPROJETAKIMI,R MADRID,0 - 1,
FT,EGEMENPROJETAKIMI,UKRAINE,1 - 0,67' Cristiano Ronaldo
FT,EGEMENPROJETAKIMI,LEVERPOOL,0 - 0,
FT,EGEMENPROJETAKIMI,FCZESTAFONI,3 - 0,3' Kingsley Coman | 29' Kingsley Coman | 77' Cristiano Ronaldo
86' (Ended early),EGEMENPROJETAKIMI,MBAPPE,4 - 1,29' Cristiano Ronaldo | 39' (PEN) Cristiano Ronaldo | 63' Cristiano Ronaldo
69' (Ended early),EGEMENPROJETAKIMI,SCHOOL FC,3 - 1,11' Cristiano Ronaldo | 17' Jude Bellingham | 69' Cristiano Ronaldo
FT,EGEMENPROJETAKIMI,NEW SPORT,1 - 2,83' Cristiano Ronaldo
FT,EGEMENPROJETAKIMI,REAL MADRID CF,1 - 2,57' Ousmane Dembele
FT,EGEMENPROJETAKIMI,KURDISTAN,1 - 2,68' Ousmane Dembele
FT,EGEMENPROJETAKIMI,ALTAY,0 - 0,
FT,EGEMENPROJETAKIMI,AUAHAH,2 - 3,10' Cristiano Ronaldo | 12' Jude Bellingham | 55' Cristiano Ronaldo
24' (Ended early),EGEMENPROJETAKIMI,DISIPULOS DE SAN TEMACH,3 - 0,11' Antonio Rudiger | 24' Cristiano Ronaldo
FT,EGEMENPROJETAKIMI,QARABAG FC,2 - 0,67' Cristiano Ronaldo | 83' Cristiano Ronaldo
FT,EGEMENPROJETAKIMI,KWABZ XI,2 - 3,41' Cristiano Ronaldo | 45' Cristiano Ronaldo
FT,EGEMENPROJETAKIMI,J TURIN,1 - 0,9' Rodrygo
FT,EGEMENPROJETAKIMI,TAJIKISTAN,1 - 0,64' Jude Bellingham
FT,EGEMENPROJETAKIMI,OMEROGLU SPOR,0 - 1,
82' (Ended early),EGEMENPROJETAKIMI,CLUB AFRICAIN,2 - 0,39' Cristiano Ronaldo | 56' Cristiano Ronaldo
FT,EGEMENPROJETAKIMI,KENNYBOY,3 - 1,50' Cristiano Ronaldo | 63' Cristiano Ronaldo | 78' Jude Bellingham | 88' Cristiano Ronaldo
FT,EGEMENPROJETAKIMI,K SHOW FC,4 - 0,4' Cristiano Ronaldo | 20' Kingsley Coman | 82' Cristiano Ronaldo | 88' Ousmane Dembele
FT,EGEMENPROJETAKIMI,GALATASARAY,3 - 1,38' Cristiano Ronaldo | 65' Cristiano Ronaldo | 90' Cristiano Ronaldo
FT,EGEMENPROJETAKIMI,NOPASARAN,0 - 1,
FT,EGEMENPROJETAKIMI,GALATASARAY FC,1 - 1,14' Cristiano Ronaldo
FT,EGEMENPROJETAKIMI,LAYIK,1 - 2,88' Kingsley Coman
64' (Ended early),EGEMENPROJETAKIMI,REAL MADRID,2 - 0,16' Cristiano Ronaldo | 64' Kevin De Bruyne
FT,EGEMENPROJETAKIMI,ADEOLA,2 - 1,45' Cristiano Ronaldo | 60' Jude Bellingham
FT,EGEMENPROJETAKIMI,SIDI,3 - 3,38' Ousmane Dembele | 57' Cristiano Ronaldo | 65' Cristiano Ronaldo
FT,EGEMENPROJETAKIMI,AS CLOUANGE,3 - 1,25' Kingsley Coman | 35' Denzel Dumfries | 90' Wissam Ben Yedder
FT,EGEMENPROJETAKIMI,GURKEYN,1 - 1,90' Cristiano Ronaldo
FT,EGEMENPROJETAKIMI,AL AHLY,3 - 2,78' Ousmane Dembele | 83' Cristiano Ronaldo | 90' Jude Bellingham
FT,EGEMENPROJETAKIMI,MOR,1 - 0,41' Cristiano Ronaldo
FT,EGEMENPROJETAKIMI,CHELSEA,1 - 2,90' Wissam Ben Yedder
FT,EGEMENPROJETAKIMI,TRACTOR,1 - 0,8' Éder Militao | 55' Antonio Rudiger
FT,EGEMENPROJETAKIMI,PANATHINAIKOS FC,4 - 2,10' Kevin De Bruyne | 23' Cristiano Ronaldo | 34' Danny Vukovic | 75' Cristiano Ronaldo
FT,EGEMENPROJETAKIMI,GLL,1 - 0,21' Ousmane Dembele
73' (Ended early),EGEMENPROJETAKIMI,PAXTAKOR FC,4 - 1,7' Adrien Rabiot | 22' Cristiano Ronaldo | 57' Antonio Rudiger | 73' Bernardo Silva
FT,EGEMENPROJETAKIMI,WINNER FC,1 - 2,52' (PEN) Cristiano Ronaldo | 90' Antonio Rudiger
FT,EGEMENPROJETAKIMI,Dream FC,7 - 0,18' Denzel Dumfries | 58' Ousmane Dembele | 62' Cristiano Ronaldo | 67' Kingsley Coman | 73' Cristiano Ronaldo | 78' Cristiano Ronaldo | 90' Cristiano Ronaldo
FT,EGEMENPROJETAKIMI,DAGM,3 - 0,43' Luka Modrić | 50' Cristiano Ronaldo | 68' Kingsley Coman | 80' Cristiano Ronaldo
FT,EGEMENPROJETAKIMI,RC CELTA VIGO,3 - 2,16' Ousmane Dembele | 42' Bruno Fernandes | 90' Wissam Ben Yedder
FT,EGEMENPROJETAKIMI,PSG FF,1 - 0,28' Wissam Ben Yedder
FT,EGEMENPROJETAKIMI,ZSC,2 - 0,31' Kingsley Coman | 60' Cristiano Ronaldo | 81' Antonio Rudiger
FT,EGEMENPROJETAKIMI,LILE FC,2 - 1,28' Cristiano Ronaldo | 36' Virgil van Dijk
FT,EGEMENPROJETAKIMI,CRVENA ZVEZDA,6 - 2,5' Cristiano Ronaldo | 24' Cristiano Ronaldo | 42' Kingsley Coman | 54' Cristiano Ronaldo | 71' Bernardo Silva | 90' Ousmane Dembele
FT,EGEMENPROJETAKIMI,WAC,2 - 0,6' Cristiano Ronaldo | 90' Cristiano Ronaldo
FT,EGEMENPROJETAKIMI,BUXARA,0 - 1,
FT,EGEMENPROJETAKIMI,ASTON VILA,3 - 1,23' Cristiano Ronaldo | 56' Ousmane Dembele | 80' Luis Diaz
FT,EGEMENPROJETAKIMI,MBM FC,1 - 0,38' Adrien Rabiot
FT,EGEMENPROJETAKIMI,GALATASARAY,4 - 2,29' Kingsley Coman | 35' Ousmane Dembele | 44' Denzel Dumfries | 90' Cristiano Ronaldo
FT,EGEMENPROJETAKIMI,FAHD,3 - 3,39' Cristiano Ronaldo | 68' Kingsley Coman | 90' Adrien Rabiot
FT,EGEMENPROJETAKIMI,MARRUECOS,2 - 1,45' Kingsley Coman | 54' Cristiano Ronaldo
FT,EGEMENPROJETAKIMI,FC MONTFERMEIL,0 - 0,60' Antonio Rudiger
FT,EGEMENPROJETAKIMI,BOSNA,4 - 0,15' Cristiano Ronaldo | 39' Cristiano Ronaldo | 63' Ousmane Dembele | 89' Kingsley Coman
FT,EGEMENPROJETAKIMI,ANAS CLUB,2 - 0,23' Ousmane Dembele | 45' Cristiano Ronaldo
FT,EGEMENPROJETAKIMI,DANIEL FC,1 - 0,55' Cristiano Ronaldo
FT,EGEMENPROJETAKIMI,WIZZY,5 - 1,8' Antonio Rudiger | 32' Cristiano Ronaldo | 38' Kingsley Coman | 81' Cristiano Ronaldo | 90' Cristiano Ronaldo
FT,EGEMENPROJETAKIMI,10KAY FC,2 - 0,16' Cristiano Ronaldo | 81' Luka Modrić
FT,EGEMENPROJETAKIMI,UZB,5 - 1,16' Kingsley Coman | 23' Cristiano Ronaldo | 32' Cristiano Ronaldo | 37' Bernardo Silva | 39' Djed Spence | 45' Cristiano Ronaldo | 71' Ousmane Dembele
FT,EGEMENPROJETAKIMI,ASC BADEL,3 - 0,63' Cristiano Ronaldo | 72' Cristiano Ronaldo | 90' Cristiano Ronaldo
FT,EGEMENPROJETAKIMI,SJ FC,2 - 0,30' Kingsley Coman | 60' Ousmane Dembele | 90' Wissam Ben Yedder
80' (Ended early),EGEMENPROJETAKIMI,ADENTA STARS,3 - 1,39' Bernardo Silva | 45' Cristiano Ronaldo | 80' Cristiano Ronaldo
FT,EGEMENPROJETAKIMI,LIFE,1 - 0,7' Ousmane Dembele
FT,EGEMENPROJETAKIMI,PERSPOLIS,1 - 0,53' Wissam Ben Yedder
FT,EGEMENPROJETAKIMI,BRIMA FC,1 - 2,35' Wissam Ben Yedder | 90' Mohammed Salisu
FT,EGEMENPROJETAKIMI,ISRAEL GAVRA,2 - 0,75' Wissam Ben Yedder | 81' Luka Modrić
24' (Ended early),EGEMENPROJETAKIMI,FC BARCHALONA,0 - 3,
FT,EGEMENPROJETAKIMI,EQUIPE DU MAROC,1 - 0,32' Kingsley Coman | 82' Milan Skriniar
FT,EGEMENPROJETAKIMI,PSGPSG,1 - 0,85' Wissam Ben Yedder
FT,EGEMENPROJETAKIMI,JAIME FC,1 - 2,58' Ousmane Dembele
7' (Ended early),EGEMENPROJETAKIMI,LERWE,3 - 0,
FT,EGEMENPROJETAKIMI,UZBEKISTAN,1 - 0,12' Wissam Ben Yedder
87' (Ended early),EGEMENPROJETAKIMI,MYTEEADINO FOOTBALL CLUB,7 - 0,21' Wissam Ben Yedder | 41' Wissam Ben Yedder | 53' Wissam Ben Yedder | 62' Wissam Ben Yedder | 72' Mohammed Salisu | 79' Denzel Dumfries | 85' Wissam Ben Yedder | 89' Wissam Ben Yedder
FT,EGEMENPROJETAKIMI,REAL MADRID,3 - 1,12' Bryan Reyna | 51' Bryan Reyna | 79' Paulinho
FT,EGEMENPROJETAKIMI,ALOMA FC,3 - 1,19' Paulinho | 38' Aleksey Miranchuk | 66' Ander Herrera
44' (Ended early),EGEMENPROJETAKIMI,REAL MADRID BE SCARED,4 - 1,10' Wissam Ben Yedder | 22' Denzel Dumfries | 34' Paulinho | 44' Paulinho
14' (Ended early),EGEMENPROJETAKIMI,NASAF,4 - 1,6' Paulinho
FT,EGEMENPROJETAKIMI,FC TIGER,3 - 1,20' Wissam Ben Yedder | 27' Wissam Ben Yedder | 36' Paulinho
FT,EGEMENPROJETAKIMI,FEDE,2 - 2,15' Paulinho | 41' Paulinho
FT,EGEMENPROJETAKIMI,BJK,2 - 1,37' Paulinho | 80' Wissam Ben Yedder
FT,EGEMENPROJETAKIMI,TK VIBEZ,2 - 1,24' Paulinho | 63' Paulinho
7' (Ended early),EGEMENPROJETAKIMI,AYOUB KZ,3 - 0,
FT,EGEMENPROJETAKIMI,MOROCOO,1 - 1,14' Paulinho
FT,EGEMENPROJETAKIMI,YNBG,4 - 0,26' Paulinho | 41' Paulinho | 51' Wissam Ben Yedder | 59' Wissam Ben Yedder
FT,EGEMENPROJETAKIMI,CG7RULEZ,0 - 0,
FT,EGEMENPROJETAKIMI,AL NASR,3 - 1,19' Kingsley Coman | 50' Wissam Ben Yedder | 77' Denzel Dumfries
FT,EGEMENPROJETAKIMI,THE FIENDS,3 - 2,13' Wissam Ben Yedder | 23' Wissam Ben Yedder | 67' Kingsley Coman
FT,EGEMENPROJETAKIMI,ENERGETIK FC,1 - 0,33' Paulinho
FT,EGEMENPROJETAKIMI,BRCHALONA,3 - 0,28' Wissam Ben Yedder | 39' Wissam Ben Yedder | 45' Wissam Ben Yedder
46' (Ended early),EGEMENPROJETAKIMI,GUILHERME PEREIRA,3 - 0,20' Wissam Ben Yedder | 33' Paulinho | 39' Warren Zaïre-Emery | 45' Paulinho
49' (Ended early),EGEMENPROJETAKIMI,GANGSTERS,3 - 0,18' Wissam Ben Yedder | 44' Paulinho | 49' Paulinho
81' (Ended early),EGEMENPROJETAKIMI,P EINDHOVEN,2 - 0,13' Rodrygo | 43' Jude Bellingham | 75' Brahim Diaz
FT,EGEMENPROJETAKIMI,R MADRID,1 - 2,42' Vini Jr. | 85' Ferland Mendy
FT,EGEMENPROJETAKIMI,MANCHESTER C,3 - 1,39' Vini Jr. | 72' (PEN) Jude Bellingham | 90' Vini Jr.
46' (Ended early),EGEMENPROJETAKIMI,ASTON V,3 - 0,6' Jude Bellingham | 44' Aurelien Tchouameni
FT,EGEMENPROJETAKIMI,R MADRID,3 - 3,6' Antonio Rudiger | 17' Vini Jr. | 43' Vini Jr. | 67' Rodrygo
84' (Ended early),EGEMENPROJETAKIMI,R MADRID,1 - 3,73' Vini Jr.
FT,EGEMENPROJETAKIMI,Dream FC,0 - 0,
